{
	"actions": [
		{
			"name": "pick_starting_regions",
			"expected_output": "picked_regions",
			"info": {
				"world": "Map",
				"your_bot": "string",
				"regions": "list<string>",
				"time": "int"
			}
		},
		{
			"name": "place_armies",
			"expected_output": "placements",
			"info": {
				"world": "Map",
				"your_bot": "string",
				"starting_armies": "int",
				"time": "int"
			}
		},
		{
			"name": "attack_transfer",
			"expected_output": "attack_transfers",
			"info": {
				"world": "Map",
				"your_bot": "string",
				"time": "int"
			}
		}
	],
	"layers": [
		{
			"name": "StrategyLayer",
			"actions": {
				"pick_starting_regions": {
					"input": {},
					"output": {
						"picked_regions": "list<region_id: string>"
					}
				},
				
				"place_armies": {
					"input": {},
					"output": {
						"continents": "list<(superregion_id:string, priority:int)>"
					}
				},

				"attack_transfer": null
			}
		},
		{
			"name": "TacticsLayer",
			"actions": {
				"pick_starting_regions": null,

				"place_armies": {
					"input": {
						"continents": "list<(superregion_id:string, priority:int)>"
					},
					"output": {
						"regions": "list<(region_id:string, priority: int, action: string)>"
					}
				},

				"attack_transfer": null
			}
		},
		{
			"name": "MicroLayer",
			"actions": {
				"pick_starting_regions": null,

				"place_armies": {
					"input": {
						"regions": "list<(region_id:string, priority: int, action: string)>"
					},
					"output": {
						"placements": "list<(region_id: string, troops: int)>"
					}
				},

				"attack_transfer": {
					"input": {},
					"output": {
						"attack_transfers": "list<(start_region_id: string, target_region_id: string, troops: int)>"
					}
				}
			}
		}
	]
}
